{
  "project_info": {
    "project_number": "1089223991046",
    "project_id": "text-recognition-f1653",
    "storage_bucket": "text-recognition-f1653.appspot.com"
  },
  "client": [
    {
      "client_info": {
        "mobilesdk_app_id": "1:1089223991046:android:16488aa18ac3786b608887",
        "android_client_info": {
          "package_name": "com.icanerdogan.textrecognition"
        }
      },
      "oauth_client": [
        {
          "client_id": "1089223991046-qurorko2khijpo9mm3jjjlvmji55mh63.apps.googleusercontent.com",
          "client_type": 3
        }
      ],
      "api_key": [
        {
          "current_key": "AIzaSyBB1afTtTzPXqemVbu732ojgL-TMgEA0HE"
        }
      ],
      "services": {
        "appinvite_service": {
          "other_platform_oauth_client": [
            {
              "client_id": "1089223991046-qurorko2khijpo9mm3jjjlvmji55mh63.apps.googleusercontent.com",
              "client_type": 3
            }
          ]
        }
      }
    }
  ],
  "configuration_version": "1"
}